{
  "mrr_at_1": 0.9,
  "mrr_at_5": 0.9300333333333333,
  "mrr_at_10": 0.9313190476190475,
  "mrr_at_20": 0.931878068946877,
  "mrr_at_50": 0.931878068946877,
  "mrr_at_100": 0.9319269148143379,
  "recall_at_1": 0.9,
  "recall_at_5": 0.974,
  "recall_at_10": 0.982,
  "recall_at_20": 0.992,
  "recall_at_50": 0.992,
  "recall_at_100": 0.996,
  "top_1_accuracy": 0.9,
  "top_5_accuracy": 0.974,
  "top_10_accuracy": 0.982,
  "top_20_accuracy": 0.992,
  "top_50_accuracy": 0.992,
  "top_100_accuracy": 0.996,
  "f2_at_1": 0.8999999999799999,
  "precision_at_1": 0.9,
  "f2_at_5": 0.5411111110802469,
  "precision_at_5": 0.1948,
  "f2_at_10": 0.3507142856887755,
  "precision_at_10": 0.0982,
  "f2_at_20": 0.20666666664930555,
  "precision_at_20": 0.0496,
  "f2_at_50": 0.09185185184327845,
  "precision_at_50": 0.01984,
  "f2_at_100": 0.04788461537999259,
  "precision_at_100": 0.00996,
  "mean_rank": 2.628,
  "median_rank": 1.0,
  "min_rank": 1,
  "max_rank": 319
}