{
  "mrr_at_1": 0.88,
  "mrr_at_5": 0.9171666666666667,
  "mrr_at_10": 0.9200476190476191,
  "mrr_at_20": 0.9204322344322344,
  "mrr_at_50": 0.9204322344322344,
  "mrr_at_100": 0.9204998019998021,
  "recall_at_1": 0.88,
  "recall_at_5": 0.97,
  "recall_at_10": 0.99,
  "recall_at_20": 0.995,
  "recall_at_50": 0.995,
  "recall_at_100": 1.0,
  "top_1_accuracy": 0.88,
  "top_5_accuracy": 0.97,
  "top_10_accuracy": 0.99,
  "top_20_accuracy": 0.995,
  "top_50_accuracy": 0.995,
  "top_100_accuracy": 1.0,
  "f2_at_1": 0.87999999998,
  "precision_at_1": 0.88,
  "f2_at_5": 0.5388888888580247,
  "precision_at_5": 0.194,
  "f2_at_10": 0.35357142854591833,
  "precision_at_10": 0.099,
  "f2_at_20": 0.2072916666493056,
  "precision_at_20": 0.04975,
  "f2_at_50": 0.09212962962105625,
  "precision_at_50": 0.0199,
  "f2_at_100": 0.0480769230723003,
  "precision_at_100": 0.01,
  "mean_rank": 1.71,
  "median_rank": 1.0,
  "min_rank": 1,
  "max_rank": 74
}