{
  "mrr_at_1": 0.896,
  "mrr_at_5": 0.9265,
  "mrr_at_10": 0.9281468253968254,
  "mrr_at_20": 0.9286237038675119,
  "mrr_at_50": 0.9286237038675119,
  "mrr_at_100": 0.928655449899258,
  "recall_at_1": 0.896,
  "recall_at_5": 0.972,
  "recall_at_10": 0.984,
  "recall_at_20": 0.992,
  "recall_at_50": 0.992,
  "recall_at_100": 0.994,
  "top_1_accuracy": 0.896,
  "top_5_accuracy": 0.972,
  "top_10_accuracy": 0.984,
  "top_20_accuracy": 0.992,
  "top_50_accuracy": 0.992,
  "top_100_accuracy": 0.994,
  "f2_at_1": 0.8959999999800001,
  "precision_at_1": 0.896,
  "f2_at_5": 0.5399999999691357,
  "precision_at_5": 0.1944,
  "f2_at_10": 0.3514285714030612,
  "precision_at_10": 0.0984,
  "f2_at_20": 0.20666666664930555,
  "precision_at_20": 0.0496,
  "f2_at_50": 0.09185185184327845,
  "precision_at_50": 0.01984,
  "f2_at_100": 0.047788461533838755,
  "precision_at_100": 0.00994,
  "mean_rank": 2.61,
  "median_rank": 1.0,
  "min_rank": 1,
  "max_rank": 310
}